{
	"format_version": [
		1,
		1,
		0
	],
	"ob:core": {
		"sound": "stone",
		"textures": "ob_core"
	},
	"ob:core_int": {
		"sound": "stone",
		"textures": "ob_core_int"
	},
	"ob:core_comp": {
		"sound": "stone",
		"textures": "ob_core_comp"
	},
	"ob:ruby_ore": {
		"sound": "stone",
		"textures": "ob_ruby_ore"
	},
	"ob:cheese_block": {
		"sound": "stone",
		"textures": "ob_cheese_block"
	},
	"ob:weird_piston": {
		"sound": "stone",
		"textures": "ob_weird_piston"
	},
	"ob:weird_piston_not": {
		"sound": "stone",
		"textures": "ob_weird_piston_not"
	},
	"ob:weird_piston_sticky": {
		"sound": "stone",
		"textures": "ob_weird_piston_sticky"
	}
}