{
	"format_version": "1.16.100",
	"minecraft:block": {
		"description": {
			"identifier": "ob:core_int"
		},
		"components": {
			"minecraft:unit_cube": {},
			"minecraft:material_instances": {
				"*": {
					"texture": "ob_core_int",
					"render_method": "opaque"
				}
			},
			"minecraft:map_color": "#B61919",
			"minecraft:light_emission": 10,
			"minecraft:destroy_time": 10,
			"minecraft:display_name": " Initialized Nether Reactor Core",
			"minecraft:block_light_absorption": 0,
			"minecraft:creative_category": {
				"category": "construction"
			},
			"minecraft:explosion_resistance": 7
		}
	}
}