{
	"format_version": "1.16.100",
	"minecraft:block": {
		"description": {
			"identifier": "ob:core"
		},
		"components": {
			"minecraft:unit_cube": {},
			"minecraft:material_instances": {
				"*": {
					"texture": "ob_core",
					"render_method": "opaque"
				}
			},
			"minecraft:map_color": "#17DCCF",
			"minecraft:light_emission": 7,
			"minecraft:destroy_time": 7,
			"minecraft:display_name": "Nether Reactor Core",
			"minecraft:block_light_absorption": 0,
			"minecraft:creative_category": {
				"category": "construction"
			},
			"minecraft:explosion_resistance": 6
		}
	}
}