{
	"format_version": "1.16.100",
	"minecraft:block": {
		"description": {
			"identifier": "ob:core_comp"
		},
		"components": {
			"minecraft:unit_cube": {},
			"minecraft:material_instances": {
				"*": {
					"texture": "ob_core_comp",
					"render_method": "opaque"
				}
			},
			"minecraft:map_color": "#19143A",
			"minecraft:light_emission": 5,
			"minecraft:destroy_time": 9,
			"minecraft:display_name": " Completed Nether Reactor Core",
			"minecraft:block_light_absorption": 0,
			"minecraft:creative_category": {
				"category": "construction"
			},
			"minecraft:explosion_resistance": 5
		}
	}
}