{
	"format_version": "1.16.100",
	"minecraft:block": {
		"description": {
			"identifier": "ob:ruby_ore"
		},
		"components": {
			"minecraft:unit_cube": {},
			"minecraft:material_instances": {
				"*": {
					"texture": "ob_ruby_ore",
					"render_method": "opaque"
				}
			},
			"minecraft:map_color": "#FF1B1B",
			"minecraft:block_light_emission": 1,
			"minecraft:explosion_resistance": 2,
			"minecraft:block_light_absorption": 0,
			"minecraft:creative_category": {
				"category": "nature",
				"group": "itemGroup.name.ore"
			},
			"minecraft:destroy_time": 5,
			"minecraft:display_name": "Ruby Ore"
		}
	}
}