{
	"format_version": "1.16.100",
	"minecraft:block": {
		"description": {
			"identifier": "ob:weird_piston_not"
		},
		"components": {
			"minecraft:unit_cube": {},
			"minecraft:material_instances": {
				"*": {
					"texture": "ob_weird_piston_not",
					"render_method": "opaque"
				}
			},
			"minecraft:display_name": "Another Piston?",
			"minecraft:destroy_time": 3,
			"minecraft:block_light_emission": 0,
			"minecraft:block_light_absorption": 0,
			"minecraft:map_color": "#F39B57",
			"minecraft:creative_category": {
				"category": "construction"
			},
			"minecraft:explosion_resistance": 10,
			"minecraft:flammable": {
				"flame_odds": 3,
				"burn_odds": 10
			}
		}
	}
}