{
	"num_mip_levels": 4,
	"padding": 8,
	"resource_pack_name": "oldMinecraftBlocks[MCPEDL]",
	"texture_name": "atlas.terrain",
	"texture_data": {
		"ob_core": {
			"textures": "textures/blocks/nether_reactor_core"
		},
		"ob_core_int": {
			"textures": "textures/blocks/nether_core_initialized"
		},
		"ob_core_comp": {
			"textures": "textures/blocks/nether_core_finished"
		},
		"ob_ruby_ore": {
			"textures": "textures/blocks/ruby_ore"
		},
		"ob_cheese_block": {
			"textures": "textures/blocks/cheese"
		},
		"ob_weird_piston": {
			"textures": "textures/blocks/piston_side"
		},
		"ob_weird_piston_not": {
			"textures": "textures/blocks/weird_piston_normal"
		},
		"ob_weird_piston_sticky": {
			"textures": "textures/blocks/weird_piston_sticky"
		}
	}
}